(skati,skirt),
(sauti,voice),
(kanisa,church),
(barua,letter),
(tumbili,monkey),
(kofia,hat),0.30000001192092896,
(rangi,color),
(tabibu,doctor),0.30000001192092896,
(pombe,beer),0.30000001192092896,
(tofaa,apple),
(bahari,sea),
(afisi,office),
(bustani,garden),
(bibi,grandmother),0.30000001192092896,
(tumaini,hope),0.30000001192092896,
(wakati,alarm),0.30000001192092896,
(ujuzi,knowledge),0.30000001192092896,
(kijana,boy),
(ufu,death),
(kamba,rope),
(jiwe,stone),0.30000001192092896,
(samaki,fish),0.30000001192092896,
(keja,house),0.30000001192092896,
(baskeli,bike),0.30000001192092896,
(jicho,eye),0.30000001192092896,
(rafiki,friend),
(wimbo,song),
(tunda,fruit),
(kioo,mirror),0.30000001192092896,
(dhoruba,storm),0.30000001192092896,
(kitanda,bed),0.30000001192092896,
(jioni,evening),0.30000001192092896,
(karamu,party),
(askari,police),
(chapati,bread),
(kisu,knife),0.30000001192092896,0.29960938692092896,0.29921876192092896,
(kazi,work),0.30000001192092896,0.29960938692092896,0.29921876192092896,0.29960938692092896,
(kaputula,pants),
(saduku,box),
(chunga,pot),
(likizo,holidays),0.30000001192092896,
(chama,society),0.30000001192092896,
(kuku,chicken),0.30000001192092896,
(roho,soul),
(adhama,honor),
(adui,enemy),
(degaga,glasses),
(shukuru,thanks),0.30000001192092896,0.29960938692092896,0.29921876192092896,
(siri,secret),0.30000001192092896,0.29960938692092896,0.29921876192092896,0.29882813692092896,
(chanjo,scissors),
(basi,bus),
(ajabu,wonder),0.30000001192092896,
(lango,door),0.30000001192092896,
(chakula,food),
(anga,sky),
(baba,father),
(kichwa,head),0.30000001192092896,
(kiti,chair),0.30000001192092896,0.29960938692092896,0.29921876192092896,0.29882813692092896,
