(barua,letter),
(rafiki,friend),0.30000001192092896,
(kaputula,pants),0.30000001192092896,
(baskeli,bike),0.30000001192092896,
(tofaa,apple),0.30000001192092896,
(dhoruba,storm),
(wakati,alarm),0.30000001192092896,
(kamba,rope),
(kisu,knife),
(ufu,death),0.30000001192092896,
(adui,enemy),0.30000001192092896,
(rangi,color),0.30000001192092896,
(karamu,party),0.30000001192092896,
(ajabu,wonder),0.30000001192092896,
(tabibu,doctor),0.30000001192092896,
(tumaini,hope),
(kichwa,head),
(tunda,fruit),0.30000001192092896,0.29960938692092896,
(askari,police),0.30000001192092896,0.29960938692092896,
(chama,society),0.30000001192092896,0.29960938692092896,0.29921876192092896,
(keja,house),0.30000001192092896,
(anga,sky),0.30000001192092896,
(kanisa,church),
(baba,father),
(kofia,hat),
(siri,secret),0.30000001192092896,
(kazi,work),0.30000001192092896,
(kitanda,bed),
(likizo,holidays),
(lango,door),
(jiwe,stone),
(chanjo,scissors),
(shukuru,thanks),0.30000001192092896,0.29960938692092896,
(kiti,chair),0.30000001192092896,0.29960938692092896,
(samaki,fish),0.30000001192092896,
(basi,bus),0.30000001192092896,
(roho,soul),0.30000001192092896,
(jicho,eye),0.30000001192092896,
(saduku,box),
(chunga,pot),
(sauti,voice),
(bibi,grandmother),
(adhama,honor),
(pombe,beer),0.30000001192092896,0.29960938692092896,0.29921876192092896,
(chakula,food),0.30000001192092896,0.29960938692092896,0.29921876192092896,0.29882813692092896,0.29843751192092896,
(kijana,boy),0.30000001192092896,
(chapati,bread),0.30000001192092896,
(kuku,chicken),0.30000001192092896,
(kioo,mirror),
(afisi,office),
(skati,skirt),
(wimbo,song),
(tumbili,monkey),
(bustani,garden),0.30000001192092896,0.29960938692092896,0.29921876192092896,0.29882813692092896,
(degaga,glasses),0.30000001192092896,0.29960938692092896,0.29921876192092896,0.29882813692092896,0.29843751192092896,
(bahari,sea),0.30000001192092896,
(ujuzi,knowledge),0.30000001192092896,
(jioni,evening),0.30000001192092896,
